{"lgbm": {"n_estimators": 184, "num_leaves": 11, "min_child_samples": 4, "learning_rate": 0.02366821255553592, "log_max_bin": 4, "colsample_bytree": 0.5079480241912914, "reg_alpha": 0.0010836280588796038, "reg_lambda": 0.01061389827905217}, "xgboost": {"n_estimators": 4, "max_leaves": 7, "min_child_weight": 0.26208115308159446, "learning_rate": 0.25775724472262795, "subsample": 0.9266743941610592, "colsample_bylevel": 0.9168331919232143, "colsample_bytree": 1.0, "reg_alpha": 0.0013933617380144255, "reg_lambda": 0.18096917948292968}, "catboost": {"early_stopping_rounds": 12, "learning_rate": 0.04171721859304757, "n_estimators": 293}}