{"lgbm": {"n_estimators": 4541, "num_leaves": 15, "min_child_samples": 42, "learning_rate": 0.03524133088925689, "log_max_bin": 10, "colsample_bytree": 0.6427904784536671, "reg_alpha": 0.004783939927187418, "reg_lambda": 0.14724109602261717}, "xgboost": {"n_estimators": 160, "max_leaves": 28, "min_child_weight": 37.96421935119476, "learning_rate": 0.03477453339285524, "subsample": 0.8895588746662894, "colsample_bylevel": 0.6660300783399921, "colsample_bytree": 0.7687347548284573, "reg_alpha": 0.006245321157400402, "reg_lambda": 0.15676699713688858}, "catboost": {"early_stopping_rounds": 10, "learning_rate": 0.2, "n_estimators": 87}}