{"lgbm": {"n_estimators": 172, "num_leaves": 20, "min_child_samples": 3, "learning_rate": 0.11640779888978803, "log_max_bin": 10, "colsample_bytree": 0.6691155466092733, "reg_alpha": 0.005232492928861739, "reg_lambda": 0.6743070307828727}, "xgboost": {"n_estimators": 358, "max_leaves": 24, "min_child_weight": 66.16469629647294, "learning_rate": 0.11094170331382866, "subsample": 0.8193921443767215, "colsample_bylevel": 0.5804010264902568, "colsample_bytree": 0.5583701774707447, "reg_alpha": 0.6414819247052657, "reg_lambda": 0.22043194057731785}, "catboost": {"early_stopping_rounds": 12, "learning_rate": 0.0739345482846287, "n_estimators": 321}}